id;userId;query;timestamp
58;7606207943;"—Å–æ–±–∞–∫–∞";"2025-04-09 01:21:27"
59;7606207943;"–∫–æ—Ä–æ–≤–∫–∞";"2025-04-09 01:21:29"
60;7606207943;"—Å–æ—Ä–æ–∫–∞";"2025-04-09 01:21:31"
61;7606207943;"–Ω–∞–≤";"2025-04-09 01:21:34"
62;7606207943;"–∫–∞–≤";"2025-04-09 01:26:00"
63;7606207943;"–ö–∞–∫";"2025-04-09 02:29:33"
64;7606207943;"–•—Ä–∞";"2025-04-09 04:31:40"
65;7606207943;"–°–æ–±";"2025-04-09 15:19:33"
66;7606207943;"–∞–≤–∞";"2025-04-09 17:45:52"
67;7606207943;"–≤–∞–≤";"2025-04-09 17:45:53"
68;7606207943;"—Å–ª–æ–Ω";"2025-04-09 17:45:55"
69;7606207943;"üïí –ì–∞–¥–∞–Ω–∏–µ –≤—Ä–µ–º–µ–Ω–∏";"2025-04-10 16:38:25"
70;7606207943;"üïí –ì–∞–¥–∞–Ω–∏–µ –≤—Ä–µ–º–µ–Ω–∏";"2025-04-10 16:39:03"
71;7606207943;"üïí –ì–∞–¥–∞–Ω–∏–µ –≤—Ä–µ–º–µ–Ω–∏";"2025-04-10 16:42:44"
72;7606207943;"üïí –ì–∞–¥–∞–Ω–∏–µ –≤—Ä–µ–º–µ–Ω–∏";"2025-04-10 16:43:54"
73;7606207943;"üïí –ì–∞–¥–∞–Ω–∏–µ –≤—Ä–µ–º–µ–Ω–∏";"2025-04-10 16:49:02"
74;7606207943;"üïí –ì–∞–¥–∞–Ω–∏–µ –≤—Ä–µ–º–µ–Ω–∏";"2025-04-10 16:49:18"
75;7606207943;"üïí –ì–∞–¥–∞–Ω–∏–µ –≤—Ä–µ–º–µ–Ω–∏";"2025-04-10 18:33:48"
76;7606207943;"üïí –ì–∞–¥–∞–Ω–∏–µ –≤—Ä–µ–º–µ–Ω–∏";"2025-04-10 18:47:38"
77;7606207943;"üïí –ì–∞–¥–∞–Ω–∏–µ –≤—Ä–µ–º–µ–Ω–∏";"2025-04-10 18:52:10"
78;7606207943;"üïí –ì–∞–¥–∞–Ω–∏–µ –≤—Ä–µ–º–µ–Ω–∏";"2025-04-10 18:52:34"
